<?xml version="1.0" encoding="UTF-8"?>
<beans xmlns="http://www.springframework.org/schema/beans"
	xmlns:xsi="http://www.w3.org/2001/XMLSchema-instance"
	xmlns:context="http://www.springframework.org/schema/context"
	xmlns:mybatis-spring="http://mybatis.org/schema/mybatis-spring"
	xmlns:aop="http://www.springframework.org/schema/aop"
	xmlns:tx="http://www.springframework.org/schema/tx"
	xsi:schemaLocation="http://mybatis.org/schema/mybatis-spring http://mybatis.org/schema/mybatis-spring-1.2.xsd
		http://www.springframework.org/schema/beans https://www.springframework.org/schema/beans/spring-beans.xsd
		http://www.springframework.org/schema/context http://www.springframework.org/schema/context/spring-context-4.3.xsd
		http://www.springframework.org/schema/aop http://www.springframework.org/schema/aop/spring-aop-4.3.xsd
		http://www.springframework.org/schema/tx http://www.springframework.org/schema/tx/spring-tx-4.3.xsd">
	
	<!-- hikariCP setting --> 
	<!-- <property name="driverClassName" value="oracle.jdbc.driver.OracleDriver" /> -->
	<bean id="hikariConfig" class="com.zaxxer.hikari.HikariConfig">
		<property name="driverClassName" value="net.sf.log4jdbc.sql.jdbcapi.DriverSpy" />
		<property name="jdbcUrl" value="jdbc:log4jdbc:oracle:thin:@masternull.iptime.org:1521:orcl" />
		<property name="username" value="final05" />
		<property name="password" value="final" />
	</bean>
	 
	<bean id="dataSource" class="com.zaxxer.hikari.HikariDataSource" destroy-method="close">
		<constructor-arg ref="hikariConfig" />
	</bean>
	 
	<bean id="sqlSessionFactory" class="org.mybatis.spring.SqlSessionFactoryBean">
		<property name="dataSource" ref="dataSource" />
	</bean>
	
	<!-- 데이터베이스 설정과 연결된 트랜잭션 설정  -->
	<bean id="transactionManager" class="org.springframework.jdbc.datasource.DataSourceTransactionManager">
		<property name="dataSource" ref="dataSource" />
	</bean>
	
	<!-- 트랜잭션이 필요한 상황에서 어노테이션(@)을 추가하는 방식사용  -->
	<tx:annotation-driven/> 
	
	<!-- mybatis 설정 추가 해당 패키지의 인터페이스를 객체생성한다.   -->
	<mybatis-spring:scan base-package="com.perfume.mybatis" />
	
	
	<!-- @Controller , @Component , @Service 컨트롤에등록(객체생성) 한다.-->
	<context:component-scan base-package="com.perfume.service" />
	<context:component-scan base-package="com.perfume.beans" />

	<aop:aspectj-autoproxy></aop:aspectj-autoproxy>
</beans>












